{
  "project_info": {
    "project_number": "472159852873",
    "firebase_url": "https://educont-3c6bb.firebaseio.com",
    "project_id": "educont-3c6bb",
    "storage_bucket": "educont-3c6bb.appspot.com"
  },
  "client": [
    {
      "client_info": {
        "mobilesdk_app_id": "1:472159852873:android:e9de9beacefa3ac2",
        "android_client_info": {
          "package_name": "io.Educont.Todos"
        }
      },
      "oauth_client": [
        {
          "client_id": "472159852873-cn3v2p9ia7q2gje8bum926n3q4vprg00.apps.googleusercontent.com",
          "client_type": 3
        }
      ],
      "api_key": [
        {
          "current_key": "AIzaSyCGRDLxRcfGIdcqMahgTmhO6Gwh1I6uKJ4"
        }
      ],
      "services": {
        "appinvite_service": {
          "other_platform_oauth_client": [
            {
              "client_id": "472159852873-cn3v2p9ia7q2gje8bum926n3q4vprg00.apps.googleusercontent.com",
              "client_type": 3
            }
          ]
        }
      }
    }
  ],
  "configuration_version": "1"
}